{
  "project_info": {
    "project_number": "984361202017",
    "project_id": "serveyourself",
    "storage_bucket": "serveyourself.firebasestorage.app"
  },
  "client": [
    {
      "client_info": {
        "mobilesdk_app_id": "1:984361202017:android:c36edc04170c2b93741520",
        "android_client_info": {
          "package_name": "com.example.serveyourself"
        }
      },
      "oauth_client": [],
      "api_key": [
        {
          "current_key": "AIzaSyBtRr65RPXeTytP7Qa_JijFqnPskO7Mloo"
        }
      ],
      "services": {
        "appinvite_service": {
          "other_platform_oauth_client": []
        }
      }
    }
  ],
  "configuration_version": "1"
}